id_cliente,nombre_cliente,ciudad,segmento_cliente,correo
1,Carlos Gomez,Medellin,Regular,carlos.gomez@email.com
2,Ana Rodriguez,Bogota,VIP,ana.rodriguez@email.com
3,Luis Perez,Cali,Regular,luis.perez@email.com
4,Maria Torres,Medellin,VIP,maria.torres@email.com
5,Jorge Restrepo,Barranquilla,Regular,jorge.restrepo@email.com
6,Sofia Londono,Medellin,VIP,sofia.londono@email.com
7,Andres Munoz,Bucaramanga,Regular,andres.munoz@email.com
8,Valentina Castro,Bogota,VIP,valentina.castro@email.com
9,Felipe Henao,Cali,Regular,felipe.henao@email.com
10,Camila Jaramillo,Medellin,VIP,camila.jaramillo@email.com
11,Esteban Mejia,Pereira,Regular,esteban.mejia@email.com
12,Lucia Morales,Cartagena,VIP,lucia.morales@email.com
13,Mateo Ospina,Manizales,Regular,mateo.ospina@email.com
14,Daniela Rios,Medellin,Regular,daniela.rios@email.com
15,Alejandro Zuluaga,Bogota,VIP,alejandro.zuluaga@email.com
16,Manuela Giraldo,Cali,Regular,manuela.giraldo@email.com
17,Santiago Betancur,Medellin,VIP,santiago.betancur@email.com
18,Isabella Valencia,Barranquilla,Regular,isabella.valencia@email.com
19,Juan David Echeverri,Bucaramanga,Regular,juan.echeverri@email.com
20,Mariana Arango,Medellin,VIP,mariana.arango@email.com
21,Nicolas Cardona,Bogota,Regular,nicolas.cardona@email.com
22,Sara Quintero,Cali,VIP,sara.quintero@email.com
23,David Gallego,Pereira,Regular,david.gallego@email.com
24,Paula Andrea Arias,Medellin,Regular,paula.arias@email.com
25,Sebastian Lopera,Cartagena,VIP,sebastian.lopera@email.com
26,Gabriela Orozco,Medellin,Regular,gabriela.orozco@email.com
27,Tomas Salazar,Bogota,Regular,tomas.salazar@email.com
28,Valeria Montoya,Cali,VIP,valeria.montoya@email.com
29,Julian Cano,Manizales,Regular,julian.cano@email.com
30,Catalina Osorio,Medellin,VIP,catalina.osorio@email.com
31,Samuel Restrepo,Medellin,Regular,samuel.restrepo@email.com
32,Salome Gomez,Bogota,Regular,salome.gomez@email.com
33,Emiliano Perez,Cali,VIP,emiliano.perez@email.com
34,Antonella Torres,Medellin,Regular,antonella.torres@email.com
35,Matias Rodriguez,Barranquilla,Regular,matias.rodriguez@email.com
36,Renata Londono,Medellin,VIP,renata.londono@email.com
37,Luciano Munoz,Bucaramanga,Regular,luciano.munoz@email.com
38,Elena Castro,Bogota,Regular,elena.castro@email.com
39,Thiago Henao,Cali,VIP,thiago.henao@email.com
40,Martina Jaramillo,Medellin,Regular,martina.jaramillo@email.com
41,Gael Mejia,Pereira,Regular,gael.mejia@email.com
42,Emma Morales,Cartagena,VIP,emma.morales@email.com
43,Liam Ospina,Manizales,Regular,liam.ospina@email.com
44,Olivia Rios,Medellin,Regular,olivia.rios@email.com
45,Noah Zuluaga,Bogota,VIP,noah.zuluaga@email.com
46,Victoria Giraldo,Cali,Regular,victoria.giraldo@email.com
47,Lucas Betancur,Medellin,VIP,lucas.betancur@email.com
48,Chloe Valencia,Barranquilla,Regular,chloe.valencia@email.com
49,Benjamin Echeverri,Bucaramanga,Regular,benjamin.echeverri@email.com
50,Zoe Arango,Medellin,VIP,zoe.arango@email.com
51,Dylan Cardona,Bogota,Regular,dylan.cardona@email.com
52,Mia Quintero,Cali,VIP,mia.quintero@email.com
53,Leo Gallego,Pereira,Regular,leo.gallego@email.com
54,Hannah Arias,Medellin,Regular,hannah.arias@email.com
55,Gabriel Lopera,Cartagena,VIP,gabriel.lopera@email.com
56,Aitana Orozco,Medellin,Regular,aitana.orozco@email.com
57,Isaac Salazar,Bogota,Regular,isaac.salazar@email.com
58,Luna Montoya,Cali,VIP,luna.montoya@email.com
59,Camilo Cano,Manizales,Regular,camilo.cano@email.com
60,Regina Osorio,Medellin,VIP,regina.osorio@email.com