id_venta,vendedor,edad,total_venta
101,Juan,28,150.5
102,Maria,,200.0
103,Pedro,35,
101,Juan,28,150.5
105,Ana,22,300.2
106,Luis,31,185.75
107,Carmen,26,420.0
108,Diego,40,95.5
109,Laura,29,275.3
110,Sergio,33,510.8
111,Paula,24,130.0
112,Andres,37,680.45
113,Valentina,21,215.9
114,Jose,45,340.0
115,Claudia,30,
116,Ricardo,27,188.6
117,Monica,39,725.0
118,Felipe,,260.4
119,Sandra,32,410.25
120,Martin,23,155.0
121,Natalia,28,305.7
122,Carlos,36,890.1
123,Juliana,25,240.0
124,Oscar,42,175.35
125,Patricia,34,560.0
126,Daniel,20,99.9
127,Adriana,31,315.45
128,Leonardo,38,470.8
129,Marcela,27,205.0
130,Victor,44,735.2
131,Beatriz,29,150.0
132,Esteban,33,625.75
133,Gloria,41,285.6
134,Alberto,26,198.4
135,Carolina,30,450.0
136,Manuel,35,320.9
137,Silvia,22,110.5
138,Jorge,48,980.0
139,Teresa,37,275.75
140,Raul,,360.2
141,Elena,24,145.0
142,Gustavo,39,515.6
143,Rosa,31,230.0
144,Hector,43,690.35
145,Isabel,27,185.0
146,Mauricio,,405.8
147,Alejandra,32,275.4
148,Roberto,36,820.0
149,Veronica,25,199.99
150,Guillermo,46,540.75
151,Luisa,29,310.0
152,Enrique,34,460.5
153,Marcela,28,225.2
154,Francisco,40,715.0
155,Angela,23,135.75
156,Ramon,37,390.4
157,Helena,30,
158,Cesar,26,270.0
159,Daniela,33,600.8
160,Alonso,42,345.25
161,Silvana,21,180.0
162,Julio,35,520.0
163,Mariana,27,250.6
164,Bruno,31,415.75
165,Consuelo,39,295.0
166,Agustin,24,125.5
167,Noelia,36,730.4
168,Simon,29,205.75
169,Amparo,44,480.0
170,Matias,32,350.3
171,Olga,26,165.0
172,Wilson,,655.9
173,Ines,30,215.0
174,Arturo,41,785.25
175,Renata,22,145.8
176,Samuel,34,430.0
177,Elisa,28,310.6
178,Nicolas,25,275.0
179,Beatriz,37,590.45
180,Leonor,43,225.0
181,Alfredo,31,375.7
182,Marisol,27,190.0
183,Teodoro,,640.2
184,Clara,35,285.5
185,Maximiliano,40,910.0
186,Estela,24,155.25
187,Gerardo,33,485.0
188,Marina,29,335.8
189,Homero,46,720.0
190,Ingrid,26,210.45
191,Emilio,38,395.0
192,Amalia,32,275.9
193,Salvador,45,845.3
194,Carla,23,180.0
195,Domingo,,525.75
196,Miranda,30,305.0
197,Alexis,28,260.4
198,Regina,34,470.0
199,Fausto,42,690.8
200,Lucia,25,225.15
201,Benjamin,39,580.0
202,Manuela,27,315.6
203,Cristian,31,405.0
204,Antonia,22,175.75
205,Gregorio,48,950.2
